"text-content","emoji src","emoji src 2","emoji src 3","emoji src 4","emoji src 5","open src","open src 2","message-views","message-time","open src 3","open src 4","open src 5","emoji src 6","emoji src 7","emoji src 8","full-media src"
"Как Telegram-приложение поможет продавать товары и услуги? Telegram-приложение – это не просто чат, а мощный инструмент для автоматизации продаж. Принимает заказы 24/7 – без участия менеджера Автоматизирует воронку продаж – клиент проходит путь от заявки до оплаты сам Сегментирует аудиторию – персонализированные офферы увеличивают конверсию Прогревает подписчиков – встроенные механики удержания повышают доверие и продажи Результат: больше продаж с меньшими затратами на рекламу и ручную работу!Готов ли ты продавать больше, тратя меньше времени? Пиши, расскажем, как это работает!","https://web.telegram.org/a/img-apple-64/1f680.png","https://web.telegram.org/a/img-apple-64/2705.png","https://web.telegram.org/a/img-apple-64/2705.png","https://web.telegram.org/a/img-apple-64/2705.png","https://web.telegram.org/a/img-apple-64/2705.png","https://web.telegram.org/a/img-apple-64/1f4a1.png","https://web.telegram.org/a/img-apple-64/1f4ac.png","4","edited 12:53","","","","","","",""
"Как настроить платную подписку в Telegram Mini App? для этого нужно: Определить формат подпискиПосты, закрытый чат, гайды, эксклюзивные материалы – всё зависит от контента и аудитории. Настроить оплатуTelegram поддерживает платежи через Stripe, YooKassa, крипту и другие сервисы. Мы поможем подключить удобный вариант и настроить всё правильно. Автоматизировать доступПосле оплаты подписчики сразу получают доступ к закрытому контенту. Всё работает автоматически, без ручной проверки.Результат: Готовое решение, которое экономит твоё время. Подписки оформляются легко и быстро, а ты получаешь регулярный доход, занимаясь любимым делом. Мы поможем запустить и настроить всё под твои задачи.Хочешь узнать подробности и запустить платную подписку? Жми кнопку ниже! [Текст на кнопке]","https://web.telegram.org/a/img-apple-64/1f4b0.png","https://web.telegram.org/a/img-apple-64/1f4cc.png","","","","https://web.telegram.org/a/img-apple-64/1f4f2.png","https://web.telegram.org/a/img-apple-64/0031-20e3.png","3","13:29","https://web.telegram.org/a/img-apple-64/0032-20e3.png","https://web.telegram.org/a/img-apple-64/0033-20e3.png","https://web.telegram.org/a/img-apple-64/1f447.png","","","",""
"Как набрать первых 10 000 подписчиков с помощью Telegram-приложения? Telegram-приложение превращает твой канал в интерактивную платформу, которая привлекает и удерживает подписчиков эффективнее, чем обычные посты. Встроенные механики вирусного роста: кнопки «Поделиться», реферальные программы и бонусы за приглашения мотивируют подписчиков привлекать новых людей. Геймификация и вовлечение: челленджи, квизы и персонализированные рассылки помогают удерживать аудиторию. Автоматизация прогрева: настраиваемые сценарии вовлечения и полезный контент подогревают интерес и повышают вероятность покупки.Telegram-приложение предоставляет инструменты для эффективного роста аудитории и оптимизации затрат на продвижение. Хочешь узнать больше? Свяжитесь с нашим ботом !","https://web.telegram.org/a/img-apple-64/1f680.png","https://web.telegram.org/a/img-apple-64/1f539.png","https://web.telegram.org/a/img-apple-64/1f539.png","https://web.telegram.org/a/img-apple-64/1f539.png","","","","3","13:33","","","","","","",""
"Продвижение Telegram Mini App без бюджета: Реально и эффективно!Платная реклама – это хорошо, но сначала используй бесплатные способы! Самая мощная сила – это твои довольные пользователи. Давай разберёмся, как организовать бесплатное продвижение, используя силу сообщества.Как использовать силу сообщества:Реферальная программа: Основа виральности! Встрой реферальную систему с многоуровневыми вознаграждениями. Дари бонусы, скидки, премиум-доступ за каждого приглашенного друга.Конкурсы и геймификация: Поддерживай интерес! Регулярно проводи активности, которые вовлекают пользователей и стимулируют взаимодействие с приложением. Не забудь про призы!Комьюнити-менеджмент: Будь на связи! Быстро отвечай на вопросы, работай с негативом, создавай атмосферу доверия. Показывай, что тебе важно мнение пользователей.UGC (Пользовательский контент): Бесплатный контент и социальное доказательство! Мотивируй пользователей создавать отзывы, обзоры, примеры использования и используй их в своих промо-материалах.Кросс-промо: Партнёрство – это сила! Ищи стратегических партнёров (другие каналы и сообщества с похожей аудиторией) для обмена подписчиками и совместных акций.Хочешь всё это настроить и запустить? Пошаговые инструкции, примеры и готовые шаблоны – в нашем боте:  (не забудь заменить на имя своего бота!).","","","","","","","","4","edited 13:36","","","","","","",""
"Использование Telegram-приложения для развития личного бренда​Личный бренд – это не просто контент, а целая экосистема, где каждый элемент работает на вашу узнаваемость и доход. Telegram-приложение объединяет все инструменты в одном месте, помогая вам не только делиться экспертностью, но и превращать подписчиков в преданных клиентов. Контент, который выделяет васПубликуйте статьи, видео, чек-листы и создавайте тесты – всё это удерживает внимание аудитории и усиливает вашу экспертность. Взаимодействие без барьеровЧем проще подписчикам связаться с вами, тем быстрее растёт лояльность. Telegram-приложение даёт мгновенную обратную связь, автоматизирует общение и помогает укрепить связь с аудиторией. Монетизация вашего имениКонсультации, платные подписки, курсы – всё работает без лишних шагов. Ваш личный бренд начинает приносить доход, а не только лайки. Контроль и аналитикаВы всегда знаете, что работает лучше: какие материалы привлекают больше клиентов и какие механики увеличивают вовлечённость. Всё в вашем стилеНастраиваем дизайн, структуру и даже пользовательский путь так, чтобы ваше приложение выглядело уникально и соответствовало вашему бренду. Готовы вывести свой личный бренд на новый уровень?Мы создадим для вас Telegram-приложение, которое усилит вашу экспертность и поможет зарабатывать больше. Пишите  [Ваш контакт/бот]","https://web.telegram.org/a/img-apple-64/1f680.png","https://web.telegram.org/a/img-apple-64/2705.png","https://web.telegram.org/a/img-apple-64/2705.png","https://web.telegram.org/a/img-apple-64/2705.png","https://web.telegram.org/a/img-apple-64/2705.png","https://web.telegram.org/a/img-apple-64/1f4ac.png","","3","13:37","","","","https://web.telegram.org/a/img-apple-64/1f4cc.png","https://web.telegram.org/a/img-apple-64/1f680.png","",""
"Добавь геймификацию в блог и взорви вовлечённость Обычный контент уже не работает. Люди хотят интерактива, эмоций, вызовов. С Telegram Mini App твой блог станет местом, куда подписчики возвращаются снова и снова. Как это работает? Квизы и тесты – обучай, развлекай и продавай через интерактивные сценарии. Челленджи и миссии – мотивируй подписчиков участвовать, делиться результатами и становиться частью комьюнити. Баллы, рейтинги, награды – вовлекай аудиторию в игру, чтобы каждый шаг приводил их к покупке. Добавь элемент игры: персональные сценарии, челленджи и награды вовлекают аудиторию и усиливают связь с брендом. Результат?Больше вовлечения, больше подписчиков, больше продаж. Твой личный бренд становится сильнее, а аудитория — активнее. Готов прокачать блог?Мы создадим Telegram-приложение под твой формат. Пиши  [Ваш контакт/бот]","https://web.telegram.org/a/img-apple-64/1f680.png","https://web.telegram.org/a/img-apple-64/2705.png","https://web.telegram.org/a/img-apple-64/2705.png","https://web.telegram.org/a/img-apple-64/2705.png","https://web.telegram.org/a/img-apple-64/2705.png","https://web.telegram.org/a/img-apple-64/1f525.png","https://web.telegram.org/a/img-apple-64/1f4ca.png","3","13:38","https://web.telegram.org/a/img-apple-64/1f4ac.png","","","https://web.telegram.org/a/img-apple-64/26a1.png","","",""
"Ускоряем запуск и управление марафонами и курсами  1.Превращаем запуск онлайн-обучения в быстрый и отлаженный процесс с помощью Telegram-приложения:2.Создаем приложение: Забудьте про сайты и лендинги.Наполняем контентом: уроки, задания, тесты - все в одном месте.3.Настраиваем автоматизацию: рассылки, напоминания, проверка заданий.4.Добавляем геймификацию: баллы, рейтинги, награды - для вовлечения.5.Открываем продажи: принимаем оплату прямо в приложении.6.Запускаем: общаемся с учениками и отслеживаем прогресс. Готовы вывести онлайн-образование на новый уровень? [Ссылка на ваш ресурс/консультацию]","","","","","","","","3","13:40","","","","","","",""
"Как превратить Telegram-приложение в источник пассивного дохода?Telegram – это больше, чем мессенджер. С помощью собственного мини-приложения ты можешь автоматизировать продажи, подписки и монетизацию, создавая стабильный источник дохода. Платные подписки – закрой доступ к эксклюзивному контенту и открой его только для подписчиков. Всё автоматизировано: платежи, доступ, продление. Встроенный магазин – продавай курсы, услуги, цифровые продукты или даже физические товары прямо в Telegram. Без сайтов, сложных форм и лишних действий. Партнёрские программы – интегрируй реферальную систему, чтобы пользователи сами продвигали твой продукт за вознаграждение. Геймификация и челленджи – вовлекай аудиторию, мотивируя на действия, за которые они будут платить. Авторассылки и воронки продаж – превращай новых подписчиков в клиентов на автомате, не тратя время на ручную работу. Результат? Минимум усилий – максимум заработка. Приложение работает 24/7, пока ты занимаешься любимым делом. Готов запустить своё Telegram-приложение и зарабатывать пассивно? Мы настроим всё за тебя! Пиши  [Ваш контакт/бот]","https://web.telegram.org/a/img-apple-64/1f4b0.png","https://web.telegram.org/a/img-apple-64/2705.png","https://web.telegram.org/a/img-apple-64/2705.png","https://web.telegram.org/a/img-apple-64/2705.png","https://web.telegram.org/a/img-apple-64/2705.png","https://web.telegram.org/a/img-apple-64/1f4ca.png","https://web.telegram.org/a/img-apple-64/1f4ac.png","3","13:41","","","","https://web.telegram.org/a/img-apple-64/2705.png","https://web.telegram.org/a/img-apple-64/26a1.png","",""
"Telegram-приложение: Вместо сайта, бота и рассылокTelegram-приложение – это всё, что нужно для общения с аудиторией, публикации контента и монетизации, в одном месте – прямо внутри Telegram.Вместо сайта:Ваш контент: статьи, подборки, видео, аудио – в удобном формате.Информация для подписчиков: ответы на частые вопросы, условия сотрудничества, ссылки на другие ресурсы.Прямая связь: сбор вопросов и предложений от читателей.(Всё это – без хостинга, домена и обновлений).Вместо бота:Автоматические ответы на комментарии.Проведение конкурсов и розыгрышей.Настраиваемые приветственные сообщения для новых подписчиков.(Всё это – без программирования).Вместо рассылок:Личные сообщения каждому подписчику.Анонсы новых постов, событий, спецпредложений.Отправка сообщений разным группам подписчиков (сегментация).(Мгновенная доставка – прямо в Telegram).Telegram-приложение – это всё, что вам нужно для общения с аудиторией, публикации контента и монетизации, в одном месте – прямо внутри Telegram.","","","","","","","","3","13:43","","","","","","",""
"Разработка Telegram-приложения в нашей компании – это создание полностью готового продукта, адаптированного под ваш бизнес, с поддержкой на всех этапах — от идеи до масштабирования .Что входит в наши услуги: Анализ и подбор решения  – вместе определим, какие функции наиболее важны для вашего проекта. Дизайн и UX/UI  – разработка удобного, стильного и адаптивного интерфейса. Разработка и тестирование  – создание надёжного приложения, тщательное тестирование и подготовка к запуску. Публикация и настройка  – помощь в интеграции приложения в Telegram и его запуске. Техническая поддержка  – постоянная связь и оперативное решение всех вопросов.Чтобы узнать подробнее о разработке приложения для вашего бизнеса, задайте все интересующие вас вопросы в директ .","https://web.telegram.org/a/img-apple-64/1f680.png","https://web.telegram.org/a/img-apple-64/1f539.png","https://web.telegram.org/a/img-apple-64/1f539.png","https://web.telegram.org/a/img-apple-64/1f539.png","https://web.telegram.org/a/img-apple-64/2705.png","https://web.telegram.org/a/img-apple-64/1f50e.png","https://web.telegram.org/a/img-apple-64/1f3a8.png","3","edited 13:44","https://web.telegram.org/a/img-apple-64/2699.png","https://web.telegram.org/a/img-apple-64/1f91d.png","https://web.telegram.org/a/img-apple-64/1f4e9.png","https://web.telegram.org/a/img-apple-64/1f539.png","https://web.telegram.org/a/img-apple-64/1f539.png","",""
"Как запустить свой маркетплейс в Telegram и начать зарабатывать? Зачем заморачиваться с разработкой сайтов и приложений, если можно запустить полноценный маркетплейс прямо внутри Telegram?С помощью Telegram Mini App ты можешь: Создать каталог товаров и услуг – удобный интерфейс, в котором клиенты легко находят нужное без переходов на сторонние сайты. Принимать оплату прямо в Telegram – встроенные платежи делают процесс покупки простым и удобным. Автоматизировать процесс продаж – уведомления, статусы заказов, чат-боты и интеграции с CRM. Персонализировать маркетинг – сегментация аудитории, бонусы, скидки и персональные предложения увеличивают повторные покупки. Контролировать аналитику – отслеживай заказы, популярные товары и активность пользователей в одном месте. Результат? Быстрое создание маркетплейса без сложностей, лишних затрат и долгой разработки. Всё, что нужно, уже есть в Telegram – осталось просто настроить. Хочешь запустить свой маркетплейс? Напишите нам – сделаем всё под ключ!  [Ваш контакт/бот]","https://web.telegram.org/a/img-apple-64/1f680.png","https://web.telegram.org/a/img-apple-64/2705.png","https://web.telegram.org/a/img-apple-64/2705.png","https://web.telegram.org/a/img-apple-64/2705.png","https://web.telegram.org/a/img-apple-64/2705.png","https://web.telegram.org/a/img-apple-64/1f4ca.png","https://web.telegram.org/a/img-apple-64/1f4ac.png","3","13:45","","","","https://web.telegram.org/a/img-apple-64/2705.png","https://web.telegram.org/a/img-apple-64/26a1.png","",""
"Максимальная конверсия: превращаем подписчиков в клиентов через Telegram-приложение У тебя уже есть аудитория в Telegram, но подписчики не спешат покупать? Telegram-приложение решает эту проблему, превращая обычный канал или чат в автоматизированную воронку продаж. Без лишних шагов, сложных сайтов и лишних вопросов. Как увеличить конверсию с помощью Telegram-приложения? Продающий путь без потерьПодписчик заходит в приложение и сразу попадает в систему, где его плавно подводят к покупке: ознакомительный контент → квиз или тест → предложение → удобная оплата в пару кликов. Персонализированные офферыTelegram-приложение фиксирует действия пользователей: какие товары/услуги они смотрели, что добавляли в корзину, на каком этапе остановились. Это позволяет делать персональные предложения, которые в разы повышают конверсию. Автоматические напоминания и догревБрошенные корзины? Подписчик интересовался, но не купил? Автоматические рассылки внутри Telegram напоминают, подогревают, предлагают бонусы или скидки. Мгновенные покупки без лишних шаговВстроенные платежи – человек не уходит на сторонний сайт, не теряется в сложных формах. Всё работает в пару кликов внутри Telegram. Игровые механики для вовлеченияЧелленджи, баллы за активность, бонусы за покупки – геймификация удерживает внимание и мотивирует аудиторию не просто подписаться, а участвовать, покупать и возвращаться. Результат? Больше продаж – подписчик не просто читает контент, а попадает в умную систему, где его ведут к покупке. Меньше потерь – автоматизация догрева, напоминаний и персональных офферов не даёт клиенту ""потеряться"". Выше средний чек – встроенные апселлы и персональные предложения увеличивают прибыль. Хочешь увеличить конверсию? Запустим Telegram-приложение под ваш проект! Пишите  [Ваш контакт/бот]","https://web.telegram.org/a/img-apple-64/1f680.png","https://web.telegram.org/a/img-apple-64/2705.png","https://web.telegram.org/a/img-apple-64/2705.png","https://web.telegram.org/a/img-apple-64/2705.png","https://web.telegram.org/a/img-apple-64/2705.png","https://web.telegram.org/a/img-apple-64/1f4a1.png","https://web.telegram.org/a/img-apple-64/1f4ca.png","3","edited 13:47","https://web.telegram.org/a/img-apple-64/1f4ac.png","","","https://web.telegram.org/a/img-apple-64/2705.png","https://web.telegram.org/a/img-apple-64/1f4c8.png","https://web.telegram.org/a/img-apple-64/26a1.png",""
"Как Telegram-приложение снижает расходы на рекламу и увеличивает прибыль?  Telegram-приложение превращает разовые визиты в долгосрочные продажи Выжимает максимум из трафикаТы платишь за привлечение подписчиков? Обычные чаты и каналы не умеют продавать, а Telegram-приложение – это автоматизированная воронка: интерактивный каталог, квизы, персональные предложения, быстрые покупки. Один раз привёл клиента – он остаётся внутри системы. Автоматизирует догревБез Telegram-приложения льётся бюджет на ретаргетинг, догоняющие кампании и повторное привлечение. А если подписчик уже в системе? Напоминания, персонализированные предложения, акции и бонусы – и всё это без затрат на рекламу. Повышает конверсию за счёт встроенных механикВместо дорогих рекламных тестов Telegram-приложение само собирает данные: какие товары смотрят, где отваливаются, какие офферы заходят лучше всего. Это позволяет точно настраивать предложения без лишнего слива бюджета. Стимулирует органику и сарафанГеймификация, реферальные механики, баллы за активность – всё это мотивирует пользователей приглашать друзей. Чем больше вовлечённость, тем больше бесплатного трафика. Что в итоге? До 3 раз больше конверсий с уже привлечённых подписчиков. Меньше затрат на повторное привлечение – клиент остаётся в системе и покупает снова. Рост органики – реферальные механики работают лучше, чем холодная реклама. Хочешь снизить затраты на рекламу и увеличить прибыль? Запустим Telegram-приложение под ваш проект! Пиши  [Ваш контакт/бот]","https://web.telegram.org/a/img-apple-64/1f680.png","https://web.telegram.org/a/img-apple-64/2705.png","https://web.telegram.org/a/img-apple-64/2705.png","https://web.telegram.org/a/img-apple-64/2705.png","https://web.telegram.org/a/img-apple-64/2705.png","https://web.telegram.org/a/img-apple-64/1f4a1.png","https://web.telegram.org/a/img-apple-64/1f4ca.png","3","13:50","https://web.telegram.org/a/img-apple-64/1f525.png","https://web.telegram.org/a/img-apple-64/1f4ac.png","","https://web.telegram.org/a/img-apple-64/26a1.png","https://web.telegram.org/a/img-apple-64/1f4c8.png","https://web.telegram.org/a/img-apple-64/1f680.png",""
"Telegram-приложение vs чат-бот: в чём разница и что выбрать?Многие до сих пор путают Telegram-приложения с обычными чат-ботами, хотя разница колоссальна. Если коротко: чат-бот – это переписка, а Telegram-приложение – полноценный сервис внутри Telegram. Давайте разберёмся подробнее. Чат-бот: что это и когда подходит?Чат-бот — это сценарный или AI-ассистент, который ведёт диалог с пользователем. Он выполняет ограниченный набор задач и взаимодействует с аудиторией через текстовые команды. Плюсы: Простой запуск и настройка Подходит для поддержки, FAQ, простых заказов Интеграция с CRM и базами данных Минусы: Линейное взаимодействие – приходится ждать ответов, писать команды Ограниченные возможности по функционалу Неудобен для сложных процессов и масштабирования Telegram-приложение: следующий уровень автоматизацииЭто не просто бот, а настоящий мини-сайт или сервис внутри Telegram. Он использует кнопочный интерфейс, карточки, мультимедиа, фильтры, платежи и интерактивные элементы – без необходимости что-то вводить вручную. Преимущества: Простой и удобный UI: меню, кнопки, интерактивные элементы Мгновенные покупки и заказы без перехода на сайты Геймификация и персонализация: уровни, баллы, миссии Работает как маркетплейс, магазин, образовательная платформа Масштабируемость: можно добавить что угодно – от кастомных алгоритмов до рекомендаций на основе поведения Когда НЕ подходит: Если вам нужен просто FAQ-бот или автоответчик Если нет сложных процессов, которые нужно автоматизировать Что выбрать?Если вам нужен простой помощник для ответов на вопросы – хватит чат-бота.Если хотите автоматизировать продажи, вовлекать аудиторию и масштабироваться, то Telegram-приложение – это must-have. Итог: Telegram-приложение – это не просто ""умный бот"", а полноценный бизнес-инструмент, который заменяет сайт, CRM и воронки продаж в одном месте.Чат-бот или Telegram-приложение – что выгоднее для вашего бизнеса? Узнайте! [Ссылка]","https://web.telegram.org/a/img-apple-64/1f680.png","https://web.telegram.org/a/img-apple-64/2705.png","https://web.telegram.org/a/img-apple-64/1f539.png","https://web.telegram.org/a/img-apple-64/1f539.png","https://web.telegram.org/a/img-apple-64/1f539.png","https://web.telegram.org/a/img-apple-64/274c.png","https://web.telegram.org/a/img-apple-64/1f538.png","3","13:55","https://web.telegram.org/a/img-apple-64/1f538.png","https://web.telegram.org/a/img-apple-64/1f538.png","https://web.telegram.org/a/img-apple-64/274c.png","https://web.telegram.org/a/img-apple-64/26a1.png","https://web.telegram.org/a/img-apple-64/2705.png","https://web.telegram.org/a/img-apple-64/1f539.png",""
"Как объединить все платформы в одном Telegram-приложении?Вы ведёте Instagram, записываете видео на YouTube, запускаете рассылки и привлекаете клиентов с рекламы? Отлично! Но пользователи рассеиваются между разными каналами, а управлять всем этим — дорого и сложно.Решение? Telegram-приложение, которое собирает аудиторию со всех платформ и превращает её в клиентов. Как это работает? Центральная точка входаБольше не нужно разбрасываться ссылками на сайт, соцсети, чат-ботов и воронки. Всё важное — от контента до продаж — доступно в одном месте, прямо внутри Telegram. YouTube, Instagram, рассылки — всё в связкеПубликуете видео? Приложение автоматически уведомляет подписчиков, даёт краткое описание и призывает к действию. Продвигаете услуги в Instagram? Трафик из шапки профиля направляется в Telegram, где пользователи получают доп. контент и спецпредложения. Гибкая монетизацияПодписчики получают доступ к чек-листам, обучению, курсам и платному контенту в несколько кликов, без сложных форм и регистрации. Персонализированные предложенияTelegram-приложение сегментирует аудиторию по их интересам и активности, отправляя каждому именно те предложения, которые для него актуальны. Автоматизация взаимодействияОтветы на вопросы, бронирование услуг, покупка продуктов — всё это работает без вашего участия, освобождая время на стратегию и развитие. В итоге?Вы объединяете платформы в единую экосистему, где Telegram становится точкой финального касания перед покупкой. Аудитория больше не теряется, а вы тратите меньше сил и бюджета на управление всеми процессами. Хотите интегрировать свои платформы в Telegram и увеличить конверсию? Напишите нам – покажем, как это сделать!","https://web.telegram.org/a/img-apple-64/1f4cc.png","https://web.telegram.org/a/img-apple-64/2705.png","https://web.telegram.org/a/img-apple-64/2705.png","https://web.telegram.org/a/img-apple-64/2705.png","https://web.telegram.org/a/img-apple-64/2705.png","https://web.telegram.org/a/img-apple-64/1f4a1.png","","4","13:57","","","","https://web.telegram.org/a/img-apple-64/2705.png","https://web.telegram.org/a/img-apple-64/1f680.png","","blob:https://web.telegram.org/a9b30f13-3c79-4e2a-9cda-a89205a40e16"
"Что даёт Telegram-приложение для тебя?Telegram-приложение – это мощный инструмент, который выводит твоё дело в Telegram на новый уровень.Любой контент – в удобном формате: Публикуй текст, видео, аудио, изображения, файлы – всё, что нужно, чтобы донести информацию до аудитории.Интерактив и геймификация – для максимального вовлечения: Добавляй опросы, тесты, квизы, викторины, чтобы заинтересовать подписчиков. Внедряй баллы, рейтинги, достижения – чтобы мотивировать их взаимодействовать с твоим контентом/продуктом.Прямое общение – для крепкой связи: Чаты, комментарии, личные сообщения – будь ближе к своим подписчикам/клиентам, отвечай на вопросы, создавай сообщество.Автоматизация – для экономии времени: Настраивай рассылки, напоминания, автоматические ответы – освободи себя от рутины и сосредоточься на главном.Продажи прямо в Telegram – для роста дохода: Продавай товары, услуги, подписки – удобно, быстро и безопасно для тебя и твоих клиентов.Полный контроль – для твоего успеха: Твой стиль оформления, твои данные о пользователях, твой доход – всё в твоих руках.Твой Telegram может приносить больше! Запусти своё приложение и раскрой весь потенциал! [Ссылка]","","","","","","","","5","edited 14:06","","","","","","","blob:https://web.telegram.org/7a0a6cfe-7029-4dcb-9191-89aeb7239834"
"Telegram-приложение vs Приложение из App Store/Google PlayЗачем тратить месяцы и большие бюджеты на разработку отдельного приложения, если можно запустить Telegram-приложение за считанные дни и получить доступ к миллионам пользователей Telegram?  Сравнение: Установка: Telegram-приложение не нужно скачивать – ваши клиенты уже в Telegram. App Store/Google Play – требует дополнительной установки. Обновления: Мгновенные обновления в Telegram-приложении – без ожидания одобрения App Store/Google Play. App Store/Google Play – обновления проходят длительную модерацию. Монетизация: В Telegram встроены инструменты монетизации – продажи, подписки и другие способы заработка. В App Store/Google Play больше вариантов, но и больше сложностей (комиссии, правила). Контакт с аудиторией: В Telegram – прямое общение с клиентами, поддержка и обратная связь без посредников. В App Store/Google Play – ограниченные способы взаимодействия. Затраты: Минимальные затраты на разработку Telegram-приложения. Разработка отдельного приложения – значительно дороже. Функциональность: В Telegram-приложении есть всё, что нужно для большинства задач. Это проще, быстрее и дешевле, чем делать отдельное приложение. Telegram-приложение – это быстрый старт, низкий порог входа и максимальный охват внутри Telegram.Мы поможем вам выбрать оптимальное решение!  [Ссылка]","https://web.telegram.org/a/img-apple-64/1f680.png","https://web.telegram.org/a/img-apple-64/1f539.png","https://web.telegram.org/a/img-apple-64/2705.png","https://web.telegram.org/a/img-apple-64/1f539.png","https://web.telegram.org/a/img-apple-64/2705.png","https://web.telegram.org/a/img-apple-64/1f4f2.png","https://web.telegram.org/a/img-apple-64/1f4ca.png","5","edited 14:19","https://web.telegram.org/a/img-apple-64/274c.png","https://web.telegram.org/a/img-apple-64/274c.png","https://web.telegram.org/a/img-apple-64/274c.png","https://web.telegram.org/a/img-apple-64/1f539.png","https://web.telegram.org/a/img-apple-64/2705.png","https://web.telegram.org/a/img-apple-64/1f539.png","blob:https://web.telegram.org/b47fa7fa-f1cb-4d89-8d20-7aa7ee41d6da"
"Как увеличить средний чек с помощью своего Telegram-приложения?Зарабатывать больше можно не только за счёт новых клиентов, но и за счёт увеличения суммы покупки.Telegram-приложение даёт мощные инструменты, которые помогают увеличить средний чек без агрессивных продаж. 1. Апсейлы и допродажи внутри интерфейсаВстроенные механики апсейлов позволяют предлагать дополнительные продукты в удобный момент. Например: Курс + личные консультации – продавайте пакетное решение, а не отдельные услуги. Подписка вместо разовой покупки – переходите от разовых продаж к предсказуемому доходу. Комплекты и бандлы – предлагайте связанные товары или курсы по выгодной цене. 2. Персонализация предложенийTelegram-приложение анализирует поведение пользователей и подбирает релевантные офферы: Если клиент купил курс – предложите доступ в закрытое сообщество. Если пользователь часто заказывает услуги – предложите VIP-статус с бонусами. Если подписчик не завершил покупку – настройте автоматический ретаргетинг. 3. Геймификация и бонусные программыЛюди любят игры и достижения. Встроенные механики вовлекают пользователей и мотивируют их покупать больше: Система уровней – больше покупок = больше привилегий. Кешбэк и баллы – потрать сегодня, получи бонусы на следующее приобретение. Челленджи и эксклюзивный контент – доступ только для самых активных клиентов. 4. Автоматизация и удобствоСократите путь клиента до покупки с помощью Telegram-приложения: Оплата в пару кликов прямо в Telegram, без необходимости переходить на сайт. Интеграция с CRM – сегментация клиентов и автоматическая отправка персонализированных офферов. Напоминания и дожимы – если клиент интересовался продуктом, но не купил, Telegram-приложение само напомнит ему о покупке. Telegram-приложение – это ваш инструмент для умных продаж и роста прибыли. Готовы увеличить средний чек?  [Ссылка на ваш ресурс/консультацию]","https://web.telegram.org/a/img-apple-64/1f4b0.png","https://web.telegram.org/a/img-apple-64/1f680.png","","","","https://web.telegram.org/a/img-apple-64/1f4c8.png","https://web.telegram.org/a/img-apple-64/1f539.png","8","edited 14:23","https://web.telegram.org/a/img-apple-64/1f539.png","https://web.telegram.org/a/img-apple-64/2714.png","https://web.telegram.org/a/img-apple-64/2714.png","","","","blob:https://web.telegram.org/f4a2855c-7e15-4e56-b36a-605810ae4415"